aa1_Cys,aa1_Gly,aa1_Trp,AA_HGVS,AA_dist,phi,areaSAS,areaSES,ConsurfDB,degree,burts,pr,auth,Label
0,0,0,26,1.622513718,-107.8677734,4.380023435,20.01584589,-0.793,8.0,0.2251455201,0.0008585610441,0.07425959448,2
0,0,0,28,1.52352752,168.2516506,0.0,0.0,-1.019,10.0,0.1799086184,0.00107654396,0.08167551484,1
0,0,0,29,1.568550634,-35.70360595,10.60360047,41.5348115,-0.746,7.0,0.2391938898,0.0008369278305,0.04353965894,2
0,0,0,31,1.641493235,-104.6561747,45.26413465,75.88043642,-0.134,7.0,0.2636171368,0.0008788349726,0.03480337875,1
0,0,0,34,1.602137715,-99.55930677,27.50460705,44.51571083,-0.925,4.0,0.3737599206,0.0005585636978,0.004827632039,0
0,0,0,48,1.492146551,-111.2662588,156.7414217,112.3922969,0.614,5.0,0.4071333333,0.0009745131236,1.585230973e-05,2
0,0,0,64,1.477666469,-146.051068,44.74913383,58.30640078,1.05,7.0,0.2494904612,0.001002410991,0.009474143018,0
0,0,0,66,1.580242383,-114.4536073,77.87693471,65.90349841,0.316,8.0,0.2524850502,0.001059478703,0.02677948288,0
0,0,0,70,1.581421373,-47.79427529,6.009185791,9.926427841,-0.677,12.0,0.1514683823,0.001181285694,0.154768027,2
0,0,0,77,1.641493235,20.93430348,86.51631162,76.68484116,-0.472,5.0,0.2,0.000807526618,0.006086640875,2
0,0,0,81,1.570719318,174.078776,78.96432197,63.69593644,0.228,3.0,0.4298469388,0.0004837795441,0.005761580148,0
0,0,0,81,1.383549828,174.078776,78.96432197,63.69593644,0.228,3.0,0.4298469388,0.0004837795441,0.005761580148,0
0,0,0,83,1.572864713,-97.99870597,35.93515848,43.12324357,0.452,5.0,0.2401,0.0006830673769,0.005118469931,0
0,0,0,84,1.594515878,-86.52514759,137.7060671,105.2537947,-0.423,5.0,0.2770444444,0.000680122765,0.004206767117,1
0,0,0,88,1.477666469,176.0660762,20.44277569,32.492477,-0.336,8.0,0.2242086227,0.0009504773849,0.01245487999,2
0,0,0,90,1.622513718,-50.10912083,0.9593064878,17.92421496,-0.889,9.0,0.1585383773,0.001028749838,0.03057771223,2
0,0,0,90,1.641493235,-50.10912083,0.9593064878,17.92421496,-0.889,9.0,0.1585383773,0.001028749838,0.03057771223,2
0,0,0,93,1.641493235,-38.65011233,39.21335261,44.24004078,-1.15,7.0,0.2273839651,0.0007611440734,0.06473631665,2
0,0,0,94,1.209571263,-77.81706683,33.85853532,52.33009386,-0.791,6.0,0.2666948145,0.0007225708542,0.01845538242,0
0,0,0,94,1.485436692,-77.81706683,33.85853532,52.33009386,-0.791,6.0,0.2666948145,0.0007225708542,0.01845538242,0
0,0,0,97,1.490333211,-158.8537139,7.523464322,19.21063495,-0.698,6.0,0.2392672378,0.0007361338416,0.01127672485,2
0,0,0,101,1.550749629,-34.82952506,45.91245794,38.6206429,-0.71,6.0,0.2962805143,0.0007984941189,0.004319434187,2
0,0,0,101,1.610779661,-34.82952506,45.91245794,38.6206429,-0.71,6.0,0.2962805143,0.0007984941189,0.004319434187,2
0,0,0,107,1.446035116,-78.71343874,0.0,0.0,-0.836,10.0,0.1764817256,0.001082927898,0.07535579536,0
0,0,0,109,1.509279496,-62.34705086,0.009594696341,2.945330799,-1.177,10.0,0.2046481859,0.001144383993,0.0549972758,2
0,0,0,112,1.581421373,-89.96591866,63.8760857,50.25160611,-0.865,6.0,0.2441062374,0.0007076420437,0.04156964063,0
0,0,0,116,1.567576652,-107.5335207,0.0,0.0,-1.039,9.0,0.185208691,0.000925139355,0.1329289641,2
0,0,0,116,1.534772237,-107.5335207,0.0,0.0,-1.039,9.0,0.185208691,0.000925139355,0.1329289641,2
0,0,0,120,1.441828421,44.12853376,0.03187260404,5.421837807,-0.091,6.0,0.2692615904,0.0006377004554,0.1021249722,0
0,0,0,123,1.381248403,-84.55249744,21.71591815,29.53426313,-0.652,4.0,0.3280078125,0.0005097520566,0.02665079647,1
0,0,0,126,1.48594445,81.36739308,20.96273398,37.06563902,-1.162,9.0,0.167991922,0.0009945762969,0.07939061873,2
0,0,0,129,1.580242383,-58.62372325,0.0,0.0,-1.164,8.0,0.218473076,0.0008858280888,0.1058850254,2
0,0,0,129,1.476924526,-58.62372325,0.0,0.0,-1.164,8.0,0.218473076,0.0008858280888,0.1058850254,2
0,0,0,129,1.566731778,-58.62372325,0.0,0.0,-1.164,8.0,0.218473076,0.0008858280888,0.1058850254,2
0,0,0,136,1.445797056,-12.65516436,68.44141053,74.04548705,0.319,6.0,0.2330864198,0.0007647883628,0.01982783866,2
0,0,0,146,1.580242383,150.7429929,68.77826363,77.0141716,0.065,6.0,0.240424269,0.0006960052489,0.04817941542,0
0,0,0,147,1.421447753,-84.60049334,3.53691256,13.58585024,-0.882,5.0,0.2699111111,0.0006339381531,0.0183471626,2
0,0,0,154,1.485436692,-82.45583348,44.73603583,57.14686996,-0.232,6.0,0.2812937505,0.0007182770968,0.02638346488,0
0,0,0,154,1.464536114,-82.45583348,44.73603583,57.14686996,-0.232,6.0,0.2812937505,0.0007182770968,0.02638346488,0
0,0,1,157,1.57121918,-166.9467444,0.9901917577,6.353420258,-1.077,10.0,0.1523748158,0.00111284544,0.07007987317,2
0,0,0,159,1.441828421,-98.25930342,5.653498173,9.282976151,-0.924,7.0,0.1727524154,0.0008668412325,0.01281593223,1
0,0,0,162,1.580242383,-72.0975743,53.76122689,75.19624281,0.717,4.0,0.3077256944,0.0005341070495,0.01536252027,0
0,0,0,163,1.482804198,-109.7216486,3.021826506,12.16869593,-0.223,5.0,0.3329166667,0.0006415272581,0.01730355717,1
0,0,0,166,1.477666469,-125.1455146,43.27422252,47.84579337,-0.496,6.0,0.2705833491,0.0007823678526,0.01264099301,0
0,0,0,166,1.4218216,-125.1455146,43.27422252,47.84579337,-0.496,6.0,0.2705833491,0.0007823678526,0.01264099301,0
0,0,0,169,1.509279496,-106.0181918,8.753145535,24.10349441,-1.073,7.0,0.2566806815,0.0009097325588,0.01162029122,0
0,0,0,170,1.381248403,-49.00066768,79.29758191,62.96742988,-0.666,3.0,0.3934100389,0.0004574552322,0.002421512987,0
0,0,0,173,1.428748512,-96.71327151,13.46989246,27.40824175,-0.974,6.0,0.2735232339,0.0007171972889,0.02213956316,0
0,0,0,173,1.446035116,-96.71327151,13.46989246,27.40824175,-0.974,6.0,0.2735232339,0.0007171972889,0.02213956316,0
0,0,0,176,1.381248403,-143.7794106,0.0,0.0,-0.606,9.0,0.2028084971,0.000929463808,0.0934269065,0
0,0,0,177,1.558238146,-157.3495448,0.0,0.0,-1.138,11.0,0.1636875649,0.001102411079,0.1254777111,2
0,0,0,178,1.428748512,171.1265716,0.0,0.0,-0.476,7.0,0.2129148148,0.0007087081671,0.1323820389,2
0,0,0,179,1.581421373,-88.04960289,0.0,0.0,-1.182,9.0,0.2083136631,0.0008812822148,0.1889098144,2
0,0,0,179,1.381248403,-88.04960289,0.0,0.0,-1.182,9.0,0.2083136631,0.0008812822148,0.1889098144,2
0,0,0,187,1.470182123,-22.76354436,0.0,0.0,0.973,9.0,0.1792031084,0.0008958020403,0.2153570652,0
0,0,0,188,1.540733678,-46.72555638,1.476283967,11.34809375,-1.137,8.0,0.1873049729,0.0008797363075,0.1545508138,2
0,0,0,188,1.482804198,-46.72555638,1.476283967,11.34809375,-1.137,8.0,0.1873049729,0.0008797363075,0.1545508138,2
0,0,0,189,1.470182123,-119.7594694,0.0,0.0,-0.927,9.0,0.2036376886,0.0009354325736,0.1452027513,1
0,0,0,192,1.531856375,174.1431277,0.0,0.0,-0.781,8.0,0.2265571846,0.0008254239912,0.1039621791,0
0,1,0,193,1.628742335,-147.7714781,0.0,0.0,-1.143,4.0,0.3840833963,0.0004686068889,0.04528391503,2
0,1,0,193,1.594515878,-147.7714781,0.0,0.0,-1.143,4.0,0.3840833963,0.0004686068889,0.04528391503,2
0,0,0,194,1.485436692,-102.4459307,0.0,0.0,-0.652,3.0,0.4878472222,0.0004139056896,0.009090831939,0
0,0,0,195,1.641493235,-127.0082986,0.0,0.0,-0.779,6.0,0.2382758916,0.0006695178843,0.04425939109,2
0,0,0,200,1.628742335,5.766377841,131.8625109,85.71104926,0.372,5.0,0.2917510708,0.0006981376627,0.002215813317,0
0,0,0,214,1.421447753,-105.8378784,6.881625143,32.32270122,-0.109,9.0,0.1877855891,0.00106590292,0.00753382552,0
0,0,0,216,1.560645702,-64.06946749,0.0,0.0,-0.566,7.0,0.2086443374,0.0007750466623,0.0172089727,1
0,0,0,218,1.581421373,-70.62309147,0.0,0.0,-0.687,8.0,0.1878836938,0.0008429588718,0.03763094605,2
0,0,0,220,1.568550634,-120.8296772,0.5134534836,7.917848587,-1.053,8.0,0.189809105,0.0008947291041,0.06163520543,0
0,0,0,220,1.428748512,-120.8296772,0.5134534836,7.917848587,-1.053,8.0,0.189809105,0.0008947291041,0.06163520543,0
0,1,0,224,1.772250092,167.4660117,37.67539597,37.13776946,-0.498,3.0,0.5180303603,0.0004429456077,0.01269502093,1
0,0,0,226,1.530508095,162.5839035,20.12551343,24.55796266,-1.079,5.0,0.2518904321,0.0006007615346,0.07647863977,2
0,0,0,226,1.567576652,162.5839035,20.12551343,24.55796266,-1.079,5.0,0.2518904321,0.0006007615346,0.07647863977,2
0,0,0,243,1.530508095,-49.18495552,83.28913403,65.85803866,0.471,4.0,0.3893229167,0.0008023818075,0.003674295085,0
0,0,0,245,1.725781094,-76.27349495,49.6137384,73.60287929,2.914,6.0,0.3297110768,0.0009285697294,0.01462817269,0
0,0,0,250,1.65198542,-155.0126035,40.48336078,43.58629718,0.74,6.0,0.2337426825,0.0007100126303,0.02802963718,0
0,0,0,251,1.550749629,-169.4074963,4.385077685,15.56910276,-0.988,11.0,0.1603997184,0.001174488411,0.05752628246,0
0,0,0,256,1.540733678,-125.7270148,0.1468575932,10.66756213,-0.531,11.0,0.1625385698,0.001242680451,0.01832118301,0
0,0,0,260,1.530508095,-55.8700065,12.38067791,26.55624151,-0.774,7.0,0.2420541219,0.0008526325822,0.009532635611,2
0,0,0,264,1.622513718,77.20684295,0.1095414311,3.251218319,-0.722,6.0,0.2635704488,0.000771384445,0.002843722489,2
1,0,0,267,1.558238146,-91.93237348,18.52392769,25.69344044,-0.915,6.0,0.2369693248,0.0008284385429,0.0007349850424,1
1,0,0,267,1.483524698,-91.93237348,18.52392769,25.69344044,-0.915,6.0,0.2369693248,0.0008284385429,0.0007349850424,1
0,0,0,269,1.725781094,-49.12628769,180.9611874,123.4392703,1.011,2.0,0.5,0.0003660051749,0.0001394738547,0
0,0,0,273,1.558238146,-127.6095717,119.8373125,96.40015787,0.477,4.0,0.4631519274,0.0005108295322,0.003029199496,0
0,1,0,278,1.594515878,-61.1795723,0.0,0.0,-0.697,6.0,0.2776903292,0.0006355048616,0.107896337,2
0,0,0,279,1.610646561,169.9780537,0.0,0.0,-0.004,8.0,0.1919639166,0.0008434513859,0.1287705936,2
0,0,0,281,1.531856375,41.10572885,15.27103364,27.3875308,-0.696,7.0,0.2232024754,0.0007398376544,0.1960608859,0
0,0,0,281,1.486619632,41.10572885,15.27103364,27.3875308,-0.696,7.0,0.2232024754,0.0007398376544,0.1960608859,0
0,0,0,281,1.464536114,41.10572885,15.27103364,27.3875308,-0.696,7.0,0.2232024754,0.0007398376544,0.1960608859,0
0,0,0,284,1.580242383,-50.29506622,51.28644657,48.59351587,-0.566,7.0,0.2269602257,0.0007773277862,0.1051562453,1
0,0,0,288,1.531856375,-172.2324772,0.0,0.0,-0.899,10.0,0.1920621914,0.001029046226,0.03961254177,2
0,0,0,290,1.641493235,-160.3919796,5.980049859,10.23314428,-0.283,8.0,0.221091756,0.0009249481438,0.00801911014,2
0,1,0,292,1.568550634,163.5331438,30.3555342,26.14699113,0.035,3.0,0.5120084191,0.0004155578504,0.002171162553,2
0,0,0,295,1.394134159,-101.4289043,0.5950755347,14.27164745,-0.865,10.0,0.1599705243,0.001084800286,0.0117816691,2
0,0,0,295,1.446035116,-101.4289043,0.5950755347,14.27164745,-0.865,10.0,0.1599705243,0.001084800286,0.0117816691,2
0,0,0,299,1.502823144,-160.5584921,57.43966347,49.21202898,0.524,6.0,0.3730553981,0.0007446278344,0.003218631803,0
0,0,0,303,1.512595782,32.91313804,18.55717278,31.13529968,-0.069,6.0,0.2615784614,0.0007080635288,0.007506364371,0
0,0,0,303,1.490333211,32.91313804,18.55717278,31.13529968,-0.069,6.0,0.2615784614,0.0007080635288,0.007506364371,0
0,0,0,304,1.381248403,169.3540968,0.3238276839,6.826372623,-0.475,8.0,0.2376138117,0.0008737227849,0.01755539959,0
0,0,0,305,1.470182123,42.35967887,4.361385942,19.46728587,0.204,5.0,0.2843861111,0.0005682273455,0.02273268491,2
0,0,0,318,1.641493235,-65.35399988,57.16472605,73.88904095,1.131,5.0,0.2465375461,0.0006466619412,0.002222813263,0
0,0,0,321,1.602137715,76.5406323,73.01644541,59.96926475,0.995,4.0,0.3000694444,0.0005929760623,0.0009472339072,0
0,1,0,323,1.594515878,119.2805688,29.49026912,25.81198144,-0.96,5.0,0.3396207118,0.0006761188822,0.001498385358,2
0,1,0,323,1.628742335,119.2805688,29.49026912,25.81198144,-0.96,5.0,0.3396207118,0.0006761188822,0.001498385358,2
0,0,0,324,1.445797056,-144.1848089,96.56559861,77.62880468,0.703,5.0,0.3580024962,0.0006420396415,0.002419781666,0
0,0,0,325,1.581421373,-123.1094526,22.61649011,43.28190929,-0.344,11.0,0.1758291857,0.001305117831,0.006088377079,1
0,0,0,328,1.446035116,-155.5729869,20.26358862,43.861341,-0.789,8.0,0.2256014656,0.0008499933405,0.02556027471,0
0,0,0,331,1.567576652,-157.9128549,55.55776477,65.65039515,-0.702,7.0,0.2735813492,0.0007913838389,0.02627714089,0
0,0,0,331,1.531856375,-157.9128549,55.55776477,65.65039515,-0.702,7.0,0.2735813492,0.0007913838389,0.02627714089,0
0,0,0,331,1.394134159,-157.9128549,55.55776477,65.65039515,-0.702,7.0,0.2735813492,0.0007913838389,0.02627714089,0
0,1,0,338,1.568550634,95.96720617,0.3347062655,3.763622999,-0.955,8.0,0.2137460138,0.0008991991136,0.02766956317,0
0,0,0,340,1.476924526,-85.01504567,15.91210401,24.69297576,-0.054,7.0,0.2161238951,0.0007885279789,0.01802398949,0
0,0,0,340,1.580242383,-85.01504567,15.91210401,24.69297576,-0.054,7.0,0.2161238951,0.0007885279789,0.01802398949,0
0,0,0,342,1.558238146,-69.00641446,57.90910877,74.86684918,1.813,7.0,0.2276555457,0.0008354876552,0.00527900963,1
0,0,0,380,1.610779661,172.1112498,127.8784481,83.1793766,-0.3,2.0,0.5,0.0006836384537,1.428201538e-07,2
0,0,0,390,1.531856375,-95.88753329,124.4236885,87.88426232,0.966,4.0,0.4314236111,0.000926582724,5.64476942e-09,0
0,0,0,396,1.610646561,-69.8014109,153.790534,113.6112247,1.282,3.0,0.3333333333,0.0007449055556,8.884672719e-06,1
0,0,0,399,1.580242383,-162.1474005,115.8813758,95.88643122,1.117,4.0,0.4240451389,0.0006121074325,0.0001817234045,0
0,0,1,401,1.725781094,-86.14884246,75.30304509,73.31470847,-0.149,8.0,0.2488525575,0.0009761535317,0.0006360333073,0
0,0,1,401,1.772250092,-86.14884246,75.30304509,73.31470847,-0.149,8.0,0.2488525575,0.0009761535317,0.0006360333073,0
0,0,0,404,1.616994424,-69.49480819,27.71291491,49.58258629,0.012,9.0,0.209555916,0.001062985663,0.0004849011018,2
0,0,0,411,1.610779661,-89.64392523,49.27120972,43.40308094,0.603,6.0,0.2894826108,0.0006825703431,0.0009565600972,0
0,0,1,412,1.772250092,-126.9174087,28.11181939,43.13265133,-1.092,8.0,0.2066197219,0.0008546397583,0.002806373042,2
0,0,1,412,1.725781094,-126.9174087,28.11181939,43.13265133,-1.092,8.0,0.2066197219,0.0008546397583,0.002806373042,2
0,0,0,414,1.558238146,-94.30041856,0.0,0.0,-1.007,10.0,0.1703396007,0.001086150591,0.003878980361,2
0,0,0,422,1.550749629,21.13646761,141.9675884,87.37915277,1.204,2.0,0.78125,0.0003936307794,2.765605361e-05,2
0,0,0,424,1.534772237,-45.63594945,48.16282499,57.18989658,0.137,9.0,0.247281921,0.001200668737,0.0005929833088,1
0,1,0,434,1.610779661,-142.711578,16.67232227,20.48286414,0.88,4.0,0.3972225765,0.0005559260077,0.0001208018054,2
0,0,0,442,1.558238146,-129.1764259,2.244107723,9.794735909,-1.147,11.0,0.1554998761,0.00114433549,0.002186594516,2
0,0,0,442,1.540733678,-129.1764259,2.244107723,9.794735909,-1.147,11.0,0.1554998761,0.00114433549,0.002186594516,2
0,0,0,444,1.492146551,-125.9375013,0.0,0.0,-1.115,12.0,0.1467240256,0.00124491912,0.002188277758,2
0,0,0,444,1.48594445,-125.9375013,0.0,0.0,-1.115,12.0,0.1467240256,0.00124491912,0.002188277758,2
0,0,0,444,1.482804198,-125.9375013,0.0,0.0,-1.115,12.0,0.1467240256,0.00124491912,0.002188277758,2
0,0,0,447,1.581421373,-113.8774507,2.938652992,19.96669149,-0.19,12.0,0.1524487713,0.001196743196,0.003160611749,2
0,0,0,454,1.531856375,-85.9134852,122.8465899,76.68193805,-0.533,2.0,0.66680839,0.0003332525344,5.376991909e-05,0
0,0,0,467,1.567576652,-63.61659408,0.0,0.0,-0.74,6.0,0.2958187542,0.0006504795453,0.003174758103,2
0,0,0,480,1.641493235,-114.5136489,0.0,0.0,0.64,7.0,0.245095697,0.0007764139997,0.001397084821,1
0,0,0,482,1.394134159,-110.6336279,3.160958476,16.24834943,-0.917,7.0,0.2113733989,0.0007734626175,0.0009620757946,2
0,0,0,485,1.48594445,-145.6347548,14.45205253,20.59103036,-0.216,9.0,0.1982398056,0.001030538108,0.0005712128781,0
0,0,0,486,1.351019146,-63.36712799,3.779617608,13.3006897,-1.15,6.0,0.2992506859,0.0007347879699,0.0002654549708,1
0,0,0,489,1.351019146,-74.24761695,55.9895916,45.65347981,-0.802,3.0,0.4162358277,0.0004252943258,0.00017771601,1
0,0,0,493,1.509279496,-128.5873624,0.0,0.0,-1.079,8.0,0.2012835486,0.0008506268091,0.001101451689,1
0,0,0,495,1.616994424,-126.3928812,23.07306848,41.3950808,-0.15,7.0,0.1975426798,0.0007713369602,0.001742457555,1
0,0,0,496,1.572864713,-99.26373888,0.4258901179,3.778842449,-0.895,8.0,0.1959835266,0.0008609033021,0.002865197891,2
0,0,0,524,1.641493235,-49.80263394,101.5670446,69.63604236,-1.101,5.0,0.3822326531,0.0006188973003,0.0002537570217,0
0,1,0,525,1.594515878,138.2374817,50.49836531,33.78412604,-0.876,4.0,0.4819444444,0.0005206216704,0.0001721130588,0
0,0,0,529,1.580242383,-94.8555172,65.97894786,78.88766205,0.323,5.0,0.2517333333,0.0006247879846,0.000327856162,1
0,0,0,540,1.641493235,-24.39781053,13.46962824,33.3193171,-1.158,8.0,0.2170430283,0.0008905701982,0.004174476755,1
0,0,0,540,1.464536114,-24.39781053,13.46962824,33.3193171,-1.158,8.0,0.2170430283,0.0008905701982,0.004174476755,1
0,0,0,540,1.381248403,-24.39781053,13.46962824,33.3193171,-1.158,8.0,0.2170430283,0.0008905701982,0.004174476755,1
0,0,0,541,1.209571263,-84.19521581,22.38362371,37.74979025,-0.42,7.0,0.3126369114,0.0008273355748,0.00370647269,0
0,0,0,545,1.572864713,-72.4013579,28.12130346,51.57363397,-0.553,4.0,0.3592825649,0.000502284205,0.003195186327,2
1,0,0,547,1.611632967,124.842974,3.571407557,10.69885254,-1.051,10.0,0.2014238528,0.00106674593,0.007401892531,2
1,0,0,547,1.558238146,124.842974,3.571407557,10.69885254,-1.051,10.0,0.2014238528,0.00106674593,0.007401892531,2
1,0,0,547,1.57121918,124.842974,3.571407557,10.69885254,-1.051,10.0,0.2014238528,0.00106674593,0.007401892531,2
1,0,0,547,1.483524698,124.842974,3.571407557,10.69885254,-1.051,10.0,0.2014238528,0.00106674593,0.007401892531,2
0,0,0,549,1.486619632,-59.81910182,0.02783632756,6.293246746,-0.894,8.0,0.2522876821,0.0008453933741,0.00856115976,0
0,0,0,551,1.558238146,-174.8354757,44.64221232,64.51457453,-0.193,10.0,0.183554511,0.001030355592,0.006095895928,0
0,0,0,552,1.497652631,-140.0660231,9.154242873,30.80537033,-1.147,11.0,0.1893568675,0.001086647705,0.004692548014,2
0,0,0,556,1.602137715,-56.21377803,30.30491638,33.44317913,0.928,7.0,0.2586704903,0.0007615059216,0.0008626026011,1
0,0,0,560,1.594515878,-33.30618168,108.1026231,90.30237699,-0.32,7.0,0.2738095238,0.000808509942,0.0005271340708,0
0,0,0,560,1.557414739,-33.30618168,108.1026231,90.30237699,-0.32,7.0,0.2738095238,0.000808509942,0.0005271340708,0
0,0,0,561,1.509279496,-35.42032661,0.0,0.0,-1.087,10.0,0.2083449263,0.00107162876,0.0009968781177,2
0,0,0,561,1.550749629,-35.42032661,0.0,0.0,-1.087,10.0,0.2083449263,0.00107162876,0.0009968781177,2
0,0,0,561,1.616994424,-35.42032661,0.0,0.0,-1.087,10.0,0.2083449263,0.00107162876,0.0009968781177,2
0,0,0,561,1.570719318,-35.42032661,0.0,0.0,-1.087,10.0,0.2083449263,0.00107162876,0.0009968781177,2
0,0,0,561,1.610779661,-35.42032661,0.0,0.0,-1.087,10.0,0.2083449263,0.00107162876,0.0009968781177,2
0,0,0,561,1.476924526,-35.42032661,0.0,0.0,-1.087,10.0,0.2083449263,0.00107162876,0.0009968781177,2
0,0,0,562,1.641493235,-7.098219169,39.63502002,63.97496843,0.358,6.0,0.343333727,0.0006841501916,0.0006731119791,0
0,0,0,564,1.470182123,-44.29596344,0.0,0.0,-1.016,7.0,0.2448668604,0.0007599084624,0.001019774506,2
0,0,0,567,1.394134159,-168.3051818,4.699771397,27.73922515,-0.733,9.0,0.2013652219,0.0008989069088,0.003794759794,0
0,0,0,567,1.531856375,-168.3051818,4.699771397,27.73922515,-0.733,9.0,0.2013652219,0.0008989069088,0.003794759794,0
0,0,0,572,1.394134159,-168.245031,0.6624129415,8.266396523,-0.966,10.0,0.1767319035,0.001075193127,0.004494632954,0
1,0,0,573,1.558238146,-152.0075415,3.729214489,14.06947374,-0.968,9.0,0.239218107,0.001024286993,0.003121665542,1
1,0,0,573,1.483524698,-152.0075415,3.729214489,14.06947374,-0.968,9.0,0.239218107,0.001024286993,0.003121665542,1
0,0,0,576,1.580242383,-175.1072969,116.346982,103.6619086,1.33,3.0,0.4822530864,0.0006682280369,5.981949657e-05,0
0,0,0,578,1.441828421,-154.8210676,137.9267243,86.42449558,-0.546,2.0,0.5,0.0005253703417,8.758002857e-06,0
0,0,0,583,1.351019146,-172.5302669,64.9845146,71.85575652,0.331,6.0,0.3650385802,0.00113619932,1.164777333e-05,0
0,0,0,586,1.477666469,-132.5290195,127.1867799,94.27929592,-0.209,5.0,0.3863666667,0.0009367468169,5.20802278e-05,0
0,0,0,593,1.502823144,-154.290257,0.0,0.0,-0.843,8.0,0.2064252522,0.0008447347638,0.009944597297,2
0,0,0,593,1.531856375,-154.290257,0.0,0.0,-0.843,8.0,0.2064252522,0.0008447347638,0.009944597297,2
0,0,0,595,1.581421373,-85.24350585,7.737496644,18.16692835,-0.928,8.0,0.2065009537,0.000876378651,0.01086107143,2
0,0,0,596,1.581421373,-157.6487473,4.958676726,28.44225681,-0.708,7.0,0.2340140907,0.0008038306302,0.00591319281,1
0,0,0,599,1.550749629,-91.1974772,12.92027588,29.83412933,-1.09,4.0,0.404453125,0.0005100403106,0.0005270369754,2
0,0,0,600,1.470474534,-46.51586796,5.907685432,22.58248878,-1.126,8.0,0.2319165485,0.0008907953073,0.00128125835,2
0,0,0,600,1.580242383,-46.51586796,5.907685432,22.58248878,-1.126,8.0,0.2319165485,0.0008907953073,0.00128125835,2
0,0,0,602,1.594515878,-138.1246467,124.3011918,94.6910907,0.872,5.0,0.3379627551,0.0006128262056,0.000458073285,0
0,0,1,604,1.725781094,-50.47296347,70.41975702,79.58582425,-0.971,6.0,0.2393472152,0.0006810832954,0.000637880368,2
0,0,1,604,1.57121918,-50.47296347,70.41975702,79.58582425,-0.971,6.0,0.2393472152,0.0006810832954,0.000637880368,2
0,0,0,614,1.622513718,-98.01909835,6.963000745,23.74467444,0.041,8.0,0.2261364884,0.0009875914889,0.0002793878427,0
0,0,0,620,1.477666469,-39.29698462,30.49948743,46.72421563,0.579,7.0,0.2695780693,0.0009385500555,0.0001294650204,0
0,0,0,635,1.351019146,-43.34715285,0.0,0.0,-0.672,8.0,0.2223559835,0.000853824992,0.006640139078,0
0,1,0,638,1.610779661,67.25765477,0.0,0.0,-1.084,7.0,0.2330979151,0.0007493571443,0.00525186566,2
0,1,0,638,1.541568849,67.25765477,0.0,0.0,-1.084,7.0,0.2330979151,0.0007493571443,0.00525186566,2
0,0,0,641,1.581421373,18.46014661,7.930576131,26.20160198,-0.252,9.0,0.181639172,0.001011205354,0.01255597989,0
0,0,0,645,1.445797056,52.70413125,99.52460122,66.00400662,0.889,6.0,0.3091817488,0.0006797446291,0.006703935756,1
0,0,0,650,1.641493235,-94.65988528,92.13639563,80.16806507,0.713,3.0,0.5080272109,0.0004389906419,0.002506659836,0
0,0,0,650,1.428748512,-94.65988528,92.13639563,80.16806507,0.713,3.0,0.5080272109,0.0004389906419,0.002506659836,0
0,0,0,650,1.446035116,-94.65988528,92.13639563,80.16806507,0.713,3.0,0.5080272109,0.0004389906419,0.002506659836,0
0,0,0,651,1.43610581,69.17484904,106.3368695,89.14167798,0.168,5.0,0.3654650227,0.0006313068263,0.008117025353,1
0,0,0,654,1.512595782,-99.22822063,5.161374092,22.33703256,0.153,6.0,0.2812510629,0.000694035941,0.01459786356,1
0,0,0,655,1.558238146,-151.7029393,66.19657478,72.15398633,-0.087,5.0,0.2691834711,0.0005928921977,0.009264886316,0
0,0,0,655,1.497652631,-151.7029393,66.19657478,72.15398633,-0.087,5.0,0.2691834711,0.0005928921977,0.009264886316,0
0,0,0,657,1.558238146,-110.4301748,0.7788448334,8.142446518,-0.738,11.0,0.1727856219,0.001172079882,0.01172524641,0
0,0,0,658,1.567576652,-132.212402,0.0,0.0,-0.556,8.0,0.2486014989,0.0008419689298,0.01082328741,1
0,0,0,659,1.641493235,-167.9605394,1.986091733,10.77803516,-0.469,10.0,0.1799602623,0.001058031614,0.01016643518,1
0,0,0,661,1.502823144,-148.4567561,16.20395595,60.1071322,-0.708,9.0,0.2204819819,0.001094153619,0.005936711423,0
0,1,0,662,1.590514324,71.23523248,35.35816476,28.65313071,-1.085,2.0,0.6992669753,0.0003403927754,0.0009439667686,2
0,1,0,662,1.594515878,71.23523248,35.35816476,28.65313071,-1.085,2.0,0.6992669753,0.0003403927754,0.0009439667686,2
0,0,0,663,1.441828421,-93.14533055,45.69636542,51.95833337,-0.66,3.0,0.4218964335,0.000456408312,0.002425270154,0
0,0,0,669,1.381248403,-166.8030651,0.0248599425,2.93190217,-0.984,6.0,0.2386241855,0.0006669808551,0.03245225938,1
0,0,0,670,1.428748512,-156.5279732,2.27729249,9.033428192,-0.376,6.0,0.2578915895,0.0006641149228,0.02586237475,0
0,0,0,671,1.446035116,-115.0072901,0.0,0.0,-0.667,6.0,0.2175960379,0.0006399857829,0.02406500676,0
0,0,0,672,1.581421373,-137.5660083,18.52264404,25.6502943,-0.933,8.0,0.196529104,0.0008475876361,0.02833650923,2
0,0,0,676,1.209571263,67.97452323,0.0,0.0,-0.44,8.0,0.2126101948,0.0008091447189,0.04287159134,0
0,0,0,677,1.446035116,101.3084974,0.0,0.0,-0.777,10.0,0.1784154321,0.0009921660691,0.04518817499,1
0,0,0,681,1.4218216,-100.0777286,42.52852644,72.77371907,0.553,5.0,0.2712358277,0.0005811735697,0.02347456714,0
0,0,0,686,1.557414739,-54.95701237,4.060364246,20.1689508,-0.578,8.0,0.1944806749,0.0007964034434,0.1060953493,1
0,0,0,693,1.470182123,47.62739594,23.95211377,48.60287356,-0.549,5.0,0.299300907,0.0006230560336,0.01347810118,0
0,0,0,695,1.628742335,-139.7642655,13.47663641,43.4333936,0.132,6.0,0.2420440051,0.0006879960357,0.01570839309,0
0,0,0,696,1.486619632,-171.2575504,8.254981861,26.08826804,-0.925,6.0,0.2870541838,0.0006670295881,0.007200090726,0
0,0,0,696,1.531856375,-171.2575504,8.254981861,26.08826804,-0.925,6.0,0.2870541838,0.0006670295881,0.007200090726,0
0,0,0,700,1.381248403,-75.49237917,25.93645237,37.38489962,-0.289,5.0,0.3159322751,0.0005666732615,0.02312157974,0
0,0,0,700,1.470182123,-75.49237917,25.93645237,37.38489962,-0.289,5.0,0.3159322751,0.0005666732615,0.02312157974,0
0,0,1,707,1.725781094,-113.3395332,43.79758596,52.54779315,-0.819,12.0,0.1672873679,0.001337757785,0.01704481452,0
0,0,0,714,1.470182123,32.93498392,31.85020441,39.6953218,0.431,5.0,0.2893714979,0.0005662545908,0.03777665654,0
0,0,0,724,1.446035116,49.52251603,40.92599487,62.96035862,0.685,5.0,0.2960103663,0.0005819092276,0.01220456961,0
0,0,0,725,1.560645702,91.12579722,2.499704599,7.841594219,-0.385,11.0,0.1726861417,0.001157505548,0.01600204726,2
0,0,0,727,1.421447753,-138.8144771,2.518312812,9.631129503,-0.985,8.0,0.2252701109,0.0008725340051,0.01199319035,2
1,0,0,730,1.558238146,-64.73236444,52.01099285,49.36686945,-1.055,4.0,0.3851388889,0.000641688399,0.003044389565,2
0,0,0,738,1.558238146,-76.46094431,185.478036,118.2430414,0.308,3.0,0.6602777778,0.0006941928494,1.589657607e-08,0
0,0,0,739,1.580242383,81.74570351,152.1123259,98.77677751,0.598,2.0,0.8044444444,0.0004926088445,1.334378045e-08,0
0,0,0,742,1.558238146,-165.5962677,127.6207054,103.5086944,1.101,5.0,0.2401,0.00104902279,6.154805417e-07,0
0,0,0,1709,1.534772237,-176.3339638,101.4893355,70.45820212,-0.315,2.0,0.5,0.0007451168609,2.167933737e-05,0
0,0,0,1712,1.482804198,-141.6132902,173.6287993,104.0644723,0.784,2.0,0.8044444444,0.0004544281542,0.001411221311,1
0,0,0,1718,1.446035116,-89.87609559,74.82589141,93.83312798,-0.61,6.0,0.2546164109,0.0007161141546,0.01245000391,0
0,0,1,1726,1.547584816,-135.8981546,23.52437883,57.30098653,-1.075,10.0,0.1855734268,0.001129474804,0.3051976148,2
0,0,1,1726,1.57121918,-135.8981546,23.52437883,57.30098653,-1.075,10.0,0.1855734268,0.001129474804,0.3051976148,2
0,0,0,1727,1.602137715,-157.6068959,51.39961109,60.864604,-0.739,3.0,0.3861805556,0.0004695267322,0.07929969675,0
0,1,0,1729,1.628742335,50.68642672,67.98908877,50.25457549,-0.111,2.0,0.5,0.0004952107756,0.04154904768,0
0,0,0,1730,1.477666469,-149.7415725,169.1112729,97.84140873,0.05,2.0,0.5,0.0006546757894,0.005114774274,2
0,0,0,1749,1.446035116,-139.0276628,19.77839085,53.80150336,-0.835,9.0,0.2369882246,0.001047818084,0.1775833673,1
0,0,0,1754,1.446035116,-106.3832991,0.0,0.0,-0.648,8.0,0.2186364884,0.0008629367129,0.05110515416,2
0,0,0,1755,1.445797056,-125.572508,26.39139861,32.77593231,-0.694,6.0,0.2313849128,0.0007072280328,0.02041052885,2
0,0,0,1764,1.520655194,-133.9945583,130.6129841,85.1054436,0.823,4.0,0.3761805556,0.0005817729343,0.00172858944,2
0,0,0,1768,1.520389601,-168.2441432,97.50527543,107.4807618,-0.452,7.0,0.2069003527,0.0008196772517,0.06123105807,0
0,0,0,1768,1.611632967,-168.2441432,97.50527543,107.4807618,-0.452,7.0,0.2069003527,0.0008196772517,0.06123105807,0
0,1,0,1769,1.594515878,116.0718711,25.48816499,39.88521385,-0.672,2.0,0.5,0.0003123458041,0.01218051881,0
0,0,0,1770,1.580242383,102.0671145,14.25778431,36.47433674,-1.127,8.0,0.1988896221,0.000946241104,0.03919281912,2
0,0,0,1771,1.641493235,-85.64164116,58.30941609,75.84335029,0.731,6.0,0.2894768218,0.0006624653258,0.09967546646,0
0,0,0,1772,1.502823144,-95.68857062,43.20036173,56.91727686,0.115,5.0,0.3765568252,0.0005771212627,0.0694379332,0
0,1,0,1779,1.594515878,-66.45648498,0.0,0.0,-1.201,5.0,0.2879250126,0.0005630265286,0.06330788761,2
0,1,0,1779,1.628742335,-66.45648498,0.0,0.0,-1.201,5.0,0.2879250126,0.0005630265286,0.06330788761,2
0,0,0,1782,1.570323143,-75.00730554,5.883980742,24.88377976,-1.065,7.0,0.1968597944,0.0007522953072,0.06335442958,2
0,0,0,1783,1.557414739,-68.45360445,37.89876521,43.27818203,-0.72,6.0,0.2020111419,0.0006854700587,0.06629169385,0
0,0,0,1786,1.568550634,-111.9236515,19.668557,39.57332754,-0.663,7.0,0.2751087349,0.0008213690874,0.0339023586,0
0,0,0,1791,1.599261734,-108.7443168,36.12107265,38.42749369,-0.181,9.0,0.2342919042,0.001026382753,0.02251615978,2
0,0,0,1792,1.428748512,-105.983648,1.869447231,9.897171974,-0.889,7.0,0.2741964511,0.0007995074441,0.01641198581,0
0,0,0,1792,1.441828421,-105.983648,1.869447231,9.897171974,-0.889,7.0,0.2741964511,0.0007995074441,0.01641198581,0
0,0,0,1799,1.381248403,-62.88496061,45.91352601,39.99499357,-0.751,4.0,0.3374392361,0.000533435325,0.01137171215,0
0,0,0,1801,1.490333211,-52.03608579,28.6243372,28.65616798,-0.868,7.0,0.2809867095,0.0008350271731,0.01925496421,0
0,0,0,1806,1.381248403,-156.1199281,0.0,0.0,-0.881,7.0,0.250314041,0.0007306219,0.05319825421,2
0,0,0,1808,1.446035116,-100.6710534,0.0,0.0,-0.999,7.0,0.2324602082,0.000735900256,0.05797245371,0
0,0,0,1808,1.641493235,-100.6710534,0.0,0.0,-0.999,7.0,0.2324602082,0.000735900256,0.05797245371,0
0,0,0,1811,1.540733678,31.84649487,85.43505889,89.73547316,-0.748,4.0,0.3364714427,0.0004960602535,0.01352638476,2
0,0,0,1824,1.502823144,-36.19492206,49.53539171,50.94762623,-0.042,6.0,0.2824925989,0.0007281429574,0.007418075273,1
0,0,0,1826,1.421447753,-118.7847135,20.65344024,31.45694304,-0.756,4.0,0.397214703,0.000526554697,0.01032792814,1
0,0,1,1836,1.725781094,-111.4505989,5.28625903,28.3663024,-0.693,8.0,0.2083315495,0.0008521253176,0.04699354056,1
0,0,0,1840,1.522610082,-81.63055826,107.9899913,85.36565387,1.412,4.0,0.4182378472,0.0004913632271,0.0226756052,1
0,0,0,1843,1.441828421,177.6431146,2.308492094,16.69536924,-0.866,4.0,0.3295433063,0.0004807673545,0.04081567485,0
0,0,0,1843,1.485436692,177.6431146,2.308492094,16.69536924,-0.866,4.0,0.3295433063,0.0004807673545,0.04081567485,0
0,0,0,1844,1.641493235,-47.41447337,9.226539753,17.46946692,-1.17,8.0,0.2162699889,0.0008472482065,0.1026380822,0
0,0,0,1844,1.381248403,-47.41447337,9.226539753,17.46946692,-1.17,8.0,0.2162699889,0.0008472482065,0.1026380822,0
0,0,0,1847,1.610779661,-97.38562901,43.00974894,60.05481863,1.552,5.0,0.29685,0.0006029794853,0.03078252309,2
1,0,0,1851,1.611632967,-137.8336559,0.0,0.0,-1.151,10.0,0.1787442447,0.000974419829,0.197445698,2
0,0,1,1854,1.57121918,-81.94554402,0.1327032149,4.77345562,-0.974,12.0,0.1419812652,0.001137479284,0.1848346757,2
0,0,0,1859,1.610779661,-114.1335627,9.961612671,24.71974516,-0.602,5.0,0.2837626543,0.0005604689503,0.02753616214,1
0,0,0,1861,1.616994424,-100.9138529,75.62148118,60.5054059,-0.911,5.0,0.3496050862,0.0005772055966,0.03616400944,0
0,0,0,1863,1.580242383,-112.3195069,63.1380583,59.34055877,-0.905,5.0,0.368867789,0.0005749472939,0.05645858419,0
0,0,0,1864,1.580242383,-28.85366093,63.87236005,65.68546486,-0.029,6.0,0.2988687795,0.0006871952596,0.0566678484,0
0,0,0,1867,1.520389601,-66.154742,7.026915669,19.41978693,-0.545,11.0,0.1675890153,0.001162929889,0.1812493198,1
0,0,0,1868,1.470182123,-75.0159867,0.0,0.0,-1.088,8.0,0.2073608968,0.0008672925242,0.0973747084,2
0,0,0,1868,1.381248403,-75.0159867,0.0,0.0,-1.088,8.0,0.2073608968,0.0008672925242,0.0973747084,2
0,0,0,1870,1.622513718,63.97265065,0.0,0.0,-1.164,9.0,0.1843028008,0.0009531686975,0.06242589639,2
0,1,0,1872,1.594515878,-127.6845724,1.633513436,10.50691438,-1.161,4.0,0.3560615028,0.0004685196799,0.047292656,2
0,1,0,1872,1.628742335,-127.6845724,1.633513436,10.50691438,-1.161,4.0,0.3560615028,0.0004685196799,0.047292656,2
0,0,0,1875,1.641493235,-109.7096707,0.0,0.0,-0.597,8.0,0.2165789112,0.0007894555084,0.1685122114,2
0,0,0,1876,1.428748512,-156.9953989,0.0,0.0,-0.864,9.0,0.2006546258,0.0009043083197,0.1387731312,0
1,0,0,1877,1.611632967,-152.068434,0.0,0.0,-1.196,9.0,0.1949578115,0.0009624198499,0.09025383568,2
1,0,0,1877,1.558238146,-152.068434,0.0,0.0,-1.196,9.0,0.1949578115,0.0009624198499,0.09025383568,2
0,0,0,1881,1.464536114,-146.2499928,30.94943637,41.13858247,-0.57,6.0,0.2877582296,0.0007674396058,0.03000113351,2
0,0,0,1882,1.641493235,-112.3892278,8.756876666,39.58360398,-0.841,8.0,0.2098253038,0.001020540828,0.02582152746,2
0,0,0,1889,1.461857923,75.66686676,11.74351132,26.42452765,0.489,8.0,0.2379286024,0.001026876671,0.05197028551,0
0,0,0,1892,1.139115695,-153.0758656,5.090983436,21.80190468,0.458,6.0,0.3219193673,0.0007471361175,0.07079672417,1
0,0,0,1895,1.581421373,-136.7649411,0.0,0.0,-0.894,9.0,0.1866596713,0.0008914589816,0.2229430753,0
0,0,0,1896,1.490333211,-117.2677057,2.399679184,9.378196716,0.016,3.0,0.3805987015,0.0003654845933,0.09489224267,2
0,0,0,1901,1.394134159,-139.0434799,1.920314789,13.25318527,-0.422,8.0,0.1889319838,0.000789573034,0.4737939608,0
0,0,0,1913,1.351019146,-67.3973762,61.51450506,76.49152231,-0.675,5.0,0.4960864198,0.0007093636279,0.01131240816,0
0,0,0,1913,1.482804198,-67.3973762,61.51450506,76.49152231,-0.675,5.0,0.4960864198,0.0007093636279,0.01131240816,0
0,0,0,1939,1.512595782,-160.1614803,0.0,0.0,-0.882,8.0,0.2028200116,0.0007760299963,0.5795951991,2
0,0,0,1939,1.485436692,-160.1614803,0.0,0.0,-0.882,8.0,0.2028200116,0.0007760299963,0.5795951991,2
0,0,0,1939,1.441828421,-160.1614803,0.0,0.0,-0.882,8.0,0.2028200116,0.0007760299963,0.5795951991,2
0,0,0,1939,1.490333211,-160.1614803,0.0,0.0,-0.882,8.0,0.2028200116,0.0007760299963,0.5795951991,2
0,0,0,1940,1.502823144,-85.10917353,0.0,0.0,-1.106,10.0,0.1815685167,0.0009444128397,0.5655703752,0
0,0,0,1943,1.558238146,-134.0149241,36.85667828,36.46890092,-0.72,11.0,0.1907094445,0.001090123579,0.5207913379,0
0,0,0,1944,1.581183353,-51.96520146,41.51749884,46.0268904,-0.524,10.0,0.2028397903,0.0009793810755,0.6480394226,0
0,1,0,1950,1.610779661,-49.39950628,1.194104075,5.064055443,-1.158,4.0,0.4214684179,0.0004674001315,0.0950142573,0
0,0,0,1959,1.394134159,-129.3758316,0.0,0.0,-0.438,9.0,0.1924939213,0.0009096926351,0.1834844221,1
0,0,0,1963,1.641493235,-103.9967779,0.0,0.0,-1.083,8.0,0.1793290661,0.0007889586697,0.2716490171,2
0,0,0,1964,1.641493235,-44.59873173,17.60421913,44.17725801,-0.657,9.0,0.1520036208,0.0008810459888,0.2182816385,2
0,0,0,1965,1.567576652,-74.69221868,5.089170933,11.47258377,-1.049,6.0,0.2521986454,0.0006340764413,0.1577857449,2
0,0,0,1968,1.534772237,-86.05320035,39.59724373,42.58939743,-0.126,5.0,0.3541753086,0.0005651084267,0.1731117015,0
0,0,0,1974,1.500742628,-74.34978812,0.0,0.0,-0.847,10.0,0.186697006,0.0009223718021,0.5876421274,2
0,0,0,1982,1.394134159,167.8055195,0.08142670989,4.561839104,-0.903,8.0,0.1971266697,0.000860652606,0.08754644821,0
0,0,0,1982,1.446035116,167.8055195,0.08142670989,4.561839104,-0.903,8.0,0.1971266697,0.000860652606,0.08754644821,0
0,0,0,1986,1.581183353,-170.2068752,44.58328078,73.96876037,0.385,7.0,0.276707564,0.0007898634986,0.03326529882,1
0,0,0,1989,1.628742335,-88.85342651,58.33464122,47.8558507,-0.169,7.0,0.2499797538,0.0007993333818,0.03484957187,0
0,0,0,1993,1.485436692,-144.6219405,1.208368689,11.49862599,-0.741,6.0,0.2629080889,0.0006827851012,0.07474724494,0
0,0,0,1997,1.446035116,-33.34790154,0.0,0.0,-1.164,9.0,0.1878860513,0.000863718235,0.3643629679,0
0,0,0,1999,1.641493235,-51.93059345,4.958589554,15.46184421,-1.091,8.0,0.1948681038,0.000812710111,0.2535277376,0
0,0,0,2007,1.4218216,-111.177765,3.559284598,15.06207108,-1.099,8.0,0.1713123053,0.0008429729005,0.1493848865,0
0,1,0,2013,1.594515878,108.9257043,6.974340647,23.80607092,-1.162,5.0,0.2517333333,0.0005919220946,0.04886965234,2
0,0,0,2017,1.477666469,-155.8452738,0.0,0.0,-0.695,7.0,0.2417131204,0.000691316943,0.3412605398,0
0,0,0,2023,1.580242383,-58.41100862,57.0524745,57.55447865,-0.057,7.0,0.2737891395,0.0006757039223,0.5356138849,0
0,0,0,2030,1.351019146,176.3553633,3.384744167,8.672012329,-0.796,8.0,0.2267592532,0.0007686421273,0.529156953,0
0,0,0,2036,1.558238146,-124.4865692,14.57052454,38.20950842,-0.509,8.0,0.1990818098,0.0008713782854,0.08277073243,1
0,0,0,2044,1.641493235,-75.81466395,23.25874944,42.11779034,-0.884,9.0,0.1850828158,0.000997266912,0.001990248407,2
0,0,0,2047,1.590514324,-98.5733713,57.77552223,43.79107964,-0.093,4.0,0.3846812307,0.0005364680431,0.0002892171535,2
0,0,0,2051,1.567576652,-60.62023855,24.4828242,56.08906639,-0.911,7.0,0.2742121595,0.0008475175463,0.0005729296932,2
0,0,0,2053,1.602137715,-40.96793558,70.83257747,70.12183237,-0.981,5.0,0.3849857143,0.0006587624266,0.0001632567348,0
0,0,0,2056,1.502823144,163.111926,57.30185572,64.63829315,-1.043,7.0,0.2427817402,0.0008381075026,0.0004608642822,1
0,0,0,2058,1.490333211,-147.7760482,7.136470139,18.54734623,-1.063,6.0,0.285420349,0.0007315457665,0.0003081198911,1
0,1,0,2060,1.590514324,-177.3131056,22.51685986,27.45114398,0.278,5.0,0.3274827121,0.0006468796225,0.0001062353332,0
0,1,0,2060,1.568550634,-177.3131056,22.51685986,27.45114398,0.278,5.0,0.3274827121,0.0006468796225,0.0001062353332,0
0,1,0,2063,1.594515878,106.7870625,55.18995911,37.21667969,0.504,3.0,0.4874566371,0.0004417539683,3.423968884e-05,2
0,0,0,2066,1.441828421,-165.715553,5.146790981,12.95774937,0.2,8.0,0.2385272711,0.0009619748521,0.0001443832228,0
0,0,0,2067,1.641493235,-59.48008919,13.24612194,37.55980492,-0.95,6.0,0.2426914785,0.0007344152066,0.000185616134,2
0,0,0,2069,1.641493235,-136.6902101,15.96438206,38.9170633,-0.961,6.0,0.2075361395,0.0007637689519,9.710389225e-05,1
0,0,0,2071,1.534772237,90.57854453,53.01749056,61.11187315,-1.163,8.0,0.218784517,0.0009427966927,0.0004179700723,2
0,0,1,2081,1.547584816,-106.6011353,0.883087039,11.56700706,-1.165,11.0,0.1481829275,0.001224079849,0.000335531898,2
0,0,1,2081,1.57121918,-106.6011353,0.883087039,11.56700706,-1.165,11.0,0.1481829275,0.001224079849,0.000335531898,2
0,0,1,2081,1.725781094,-106.6011353,0.883087039,11.56700706,-1.165,11.0,0.1481829275,0.001224079849,0.000335531898,2
0,0,0,2088,1.581421373,-43.82550072,4.514585118,25.00167572,-0.213,5.0,0.2,0.0007656133012,0.0001331275255,2
0,0,0,2088,1.500742628,-43.82550072,4.514585118,25.00167572,-0.213,5.0,0.2,0.0007656133012,0.0001331275255,2
0,0,0,2091,1.48594445,-125.909409,51.09758562,48.15262127,-1.102,7.0,0.2595916343,0.000787741114,0.001030600687,0
0,0,0,2092,1.568550634,-132.0015188,0.1581942588,11.77230835,-1.086,8.0,0.1923700733,0.0008851586078,0.001392272035,1
0,0,0,2101,1.520389601,-75.45541025,0.0,0.0,-1.035,9.0,0.1965505507,0.000974197035,0.006772517081,0
0,0,0,2101,1.550749629,-75.45541025,0.0,0.0,-1.035,9.0,0.1965505507,0.000974197035,0.006772517081,0
0,0,0,2109,1.611632967,-105.9672717,143.6878189,106.0996361,-0.268,4.0,0.2921604938,0.0006347333257,1.87911371e-05,0
0,0,0,2115,1.641493235,-128.6658694,6.291140079,14.6763525,0.413,9.0,0.2039848408,0.00110226886,0.0001049478212,0
0,0,0,2118,1.381248403,-121.4193406,36.74289134,38.03012776,0.35,4.0,0.4175868056,0.000547891458,0.0002280454384,0
0,0,0,2120,1.483524698,-130.1245425,0.0,0.0,-0.423,9.0,0.2024271787,0.001001872274,0.001694687158,0
0,0,0,2120,1.446035116,-130.1245425,0.0,0.0,-0.423,9.0,0.2024271787,0.001001872274,0.001694687158,0
0,0,0,2121,1.502823144,-118.8479921,30.13777186,43.60267806,0.759,5.0,0.296087963,0.0006217225296,0.001189355016,0
0,0,0,2125,1.209571263,169.6829316,9.064757451,17.48533058,-1.126,8.0,0.2678284328,0.0008957637705,0.00323333773,2
0,0,1,2131,1.57121918,-155.4109413,74.15360681,75.46261072,-1.081,7.0,0.2415021309,0.0008091134145,0.002941926341,1
0,1,0,2136,1.594515878,156.9072819,10.19840718,19.87719989,-0.869,5.0,0.3318055556,0.0006598161871,0.008240531086,2
0,0,0,2141,1.486619632,-81.27220428,100.648591,82.77806544,1.304,2.0,0.7309027778,0.0003707697765,0.0004234700208,2
0,0,0,2146,1.581421373,-141.5877006,131.4489955,91.39402241,1.507,6.0,0.3169941264,0.000756976835,0.0007259800209,0
0,0,0,2149,1.568550634,167.4252769,92.86344004,58.15706301,0.138,3.0,0.4298469388,0.0004443542373,4.359749623e-05,1
0,0,0,2150,1.602137715,149.9323686,61.70454407,47.79833651,-0.381,4.0,0.3177437642,0.0005698949795,3.643614101e-05,2
0,0,0,2151,1.470182123,-75.29348363,37.91199088,39.2197504,-0.397,6.0,0.2675127603,0.0007732126227,0.0001225491965,0
0,0,0,2152,1.381248403,79.73257275,64.30343533,44.77310085,-0.105,5.0,0.3517321744,0.0006343959124,0.0001447205175,0
0,0,0,2155,1.580242383,-60.24538813,81.54379159,63.42109942,-0.33,6.0,0.2696257322,0.0007315555569,0.0005143433634,0
0,0,0,2163,1.567576652,-113.2753539,0.318191018,5.653108239,-0.276,7.0,0.2161371741,0.0007961003002,0.006489947959,2
0,0,0,2165,1.441828421,151.6601197,2.017636582,12.59483767,-0.983,9.0,0.2292192516,0.0009905061571,0.003537722187,0
0,0,0,2176,1.534772237,-93.43265683,25.86320222,26.52325076,0.86,6.0,0.3351509397,0.0007474324013,6.789507053e-05,0
0,0,0,2179,1.534772237,-53.91246398,2.014420271,10.79248333,-0.345,6.0,0.2842637472,0.0007218900318,9.663273858e-05,1
0,0,0,2180,1.486619632,168.4720563,0.0,0.0,-0.848,7.0,0.2217911478,0.0008029267304,0.0001938798662,2
0,0,0,2184,1.580242383,-158.5458472,23.02082907,30.02769995,-1.154,8.0,0.217322772,0.0009132871443,0.001010655067,1
0,0,0,2184,1.512595782,-158.5458472,23.02082907,30.02769995,-1.154,8.0,0.217322772,0.0009132871443,0.001010655067,1
0,0,0,2184,1.628742335,-158.5458472,23.02082907,30.02769995,-1.154,8.0,0.217322772,0.0009132871443,0.001010655067,1
0,0,0,2190,1.428748512,-39.68199254,62.15882415,78.58568907,-0.131,5.0,0.2904988662,0.0006247427427,0.008213736477,0
0,0,0,2195,1.504017339,-154.9635252,70.81592393,61.73724318,0.466,8.0,0.2133840732,0.0009246038195,0.002740930429,0
0,0,0,2196,1.641493235,-54.55497112,54.52407338,62.58363771,-0.942,4.0,0.3567417997,0.0004950941399,0.000650331148,0
0,0,0,2200,1.476924526,-71.41911601,78.29231405,68.45664644,-0.644,7.0,0.2890939759,0.0007843401552,0.0002796779022,0
0,0,0,2201,1.567576652,-59.75796967,74.16569458,57.44580883,1.045,5.0,0.3793258503,0.0006111817793,0.0001941785728,0
0,0,0,2204,1.531856375,-152.1501456,23.43296823,39.72775298,-1.107,9.0,0.2044563096,0.001031840949,0.0003942063644,0
0,0,0,2209,1.502823144,-101.6959216,8.456942618,14.66185856,-0.717,8.0,0.2063836628,0.0009219360978,0.0002192563585,1
0,0,0,2212,1.381248403,-62.72705527,30.88804185,29.08789515,-1.183,5.0,0.2817366213,0.0006237719067,3.822437635e-05,1
0,0,0,2213,1.581421373,-43.57295035,23.19363032,25.36417627,-1.144,5.0,0.3057477062,0.0006311256065,2.783904399e-05,2
0,0,0,2213,1.530508095,-43.57295035,23.19363032,25.36417627,-1.144,5.0,0.3057477062,0.0006311256065,2.783904399e-05,2
0,0,0,2213,1.500742628,-43.57295035,23.19363032,25.36417627,-1.144,5.0,0.3057477062,0.0006311256065,2.783904399e-05,2
0,0,1,2222,1.725781094,-83.80611269,20.74896866,36.71278,-1.164,9.0,0.1709696062,0.001020136594,6.092845681e-05,1
0,0,0,2229,1.446035116,-32.06577573,15.36462539,24.71607351,-0.872,8.0,0.2134631948,0.0009074740349,0.0001882711037,0
0,0,0,2229,1.641493235,-32.06577573,15.36462539,24.71607351,-0.872,8.0,0.2134631948,0.0009074740349,0.0001882711037,0
0,0,0,2230,1.43610581,46.44094178,120.3940822,90.90839934,-0.795,3.0,0.4510245199,0.0004056278789,4.681697224e-05,2
0,1,0,2233,1.772250092,111.754599,51.29212916,36.39595354,-1.076,3.0,0.5424845679,0.0004489074698,1.440014461e-05,0
0,0,0,2237,1.485436692,145.3693879,0.0,0.0,-1.152,7.0,0.2260215768,0.000779120623,7.889734817e-05,0
0,0,0,2239,1.594515878,-144.2776004,38.76253131,45.83866704,-0.798,6.0,0.2393851402,0.0007162940636,2.925763938e-05,1
0,0,0,2242,1.477666469,-149.3099184,105.196483,75.39422822,0.62,4.0,0.3042889031,0.0005668157984,7.019150013e-06,2
0,0,0,2247,1.476924526,45.01797793,20.70548379,33.35837221,-0.868,8.0,0.2225841237,0.0009330106614,6.305178722e-05,0
0,0,0,2249,1.622513718,-119.7626898,0.0,0.0,-0.789,7.0,0.2210180765,0.0007782584775,0.0001309987895,2
0,0,0,2250,1.461857923,-112.4970596,15.32350302,21.89083672,-1.109,9.0,0.2156455489,0.001001508257,0.0002483411575,0
0,0,0,2253,1.581421373,-29.27020482,21.09942027,39.65900707,-0.421,9.0,0.2002196731,0.00103157242,0.0008492477528,1
0,0,0,2258,1.580242383,-108.9080926,35.41656653,80.89576244,-0.851,5.0,0.3121871504,0.0006248320754,0.00392947577,0
0,0,0,2259,1.421447753,-100.4036204,0.0,0.0,-0.898,9.0,0.1912416716,0.001011905437,0.0008860593178,0
0,0,0,2264,1.485436692,-124.5944914,0.0,0.0,-1.093,6.0,0.2452919239,0.0007349049279,6.112736454e-05,0
0,0,0,2272,1.464536114,-178.1477036,70.62053823,61.3953495,0.076,5.0,0.414369161,0.0007399869938,7.913467403e-06,1
0,0,0,2274,1.477666469,-165.3646224,1.283266187,13.80320835,-0.833,10.0,0.2015997417,0.00118894087,2.53628331e-05,0
0,0,0,2280,1.641493235,-128.3506131,27.73450005,37.09669971,0.463,8.0,0.2262632081,0.0009296502508,9.169053812e-05,2
0,0,0,2283,1.534772237,139.1411753,5.967357665,17.41290307,0.017,8.0,0.2234237386,0.0009306733677,0.0004234343955,0
0,0,0,2284,1.534772237,-160.1301437,5.349389399,12.25536966,-1.105,7.0,0.2687325208,0.0008991608689,0.0003435755109,0
0,0,0,2286,1.602137715,149.4889616,50.03609037,41.78456664,0.081,5.0,0.3397058453,0.0007615614083,0.0001601548225,1
0,0,1,2290,1.725781094,-132.6779767,76.55518268,78.78615338,-1.082,6.0,0.2992611139,0.0007586039678,0.0001676307643,1
0,0,1,2290,1.532508779,-132.6779767,76.55518268,78.78615338,-1.082,6.0,0.2992611139,0.0007586039678,0.0001676307643,1
0,0,0,2305,1.482804198,42.27891457,6.457617164,25.75477958,-1.218,8.0,0.2312443335,0.001002812717,2.915600024e-05,0
0,0,0,2311,1.43610581,-110.0338827,37.09812317,61.31728697,-0.245,4.0,0.3705483218,0.0005232097066,4.158314742e-05,0
0,0,0,2314,1.540733678,-105.3290825,14.45582817,31.41202986,-0.67,5.0,0.2532944444,0.0006444989381,7.127007384e-05,0
0,0,0,2315,1.581421373,-59.0968119,85.15249207,60.51723504,0.593,3.0,0.402970679,0.0004273517842,0.0001166805447,0
0,0,0,2320,1.470182123,-71.55116305,20.31628156,32.65557098,-0.788,7.0,0.2213824326,0.000819843843,0.0006647548636,1
0,0,0,2322,1.486619632,-145.5425312,9.031415939,14.37497997,-0.608,10.0,0.1959300154,0.001148619884,0.001092202316,1
0,0,0,2324,1.540733678,-146.3049064,39.68048334,36.73803806,-0.243,9.0,0.1884213729,0.001049425904,0.0005911149884,0
0,0,0,2327,1.531856375,-148.4949164,0.0,0.0,-0.703,7.0,0.2551358343,0.0007782397354,0.0001153494177,1
0,0,0,2330,1.445797056,-138.9203407,52.47916265,63.0995121,0.666,7.0,0.2307864513,0.0008629135216,4.314617846e-05,2
0,0,0,2334,1.43610581,63.8475536,135.0995965,100.9281808,0.623,4.0,0.415752551,0.0005338705646,8.176570174e-06,0
